/*
Site 1:
login: admin
senha: 12345

login: gerente1
senha: 12345

login: gerente2
senha: 12345

login: cambista1
senha: 12345

login: cambista2
senha: 12345

login: cambista3
senha: 12345

login: cambista4
senha: 12345

Site 2,3,4,5:
login: admin
senha: 12345

*/
DELETE FROM `betloteria`.`aposta` WHERE COD_APOSTA > 0;
DELETE FROM `betloteria`.`bilhete` WHERE COD_BILHETE > 0;
DELETE FROM `betloteria`.`jogo` WHERE COD_JOGO > 0;
DELETE FROM `betloteria`.`configuracao` where COD_CONFIGURACAO > 0;
DELETE FROM `betloteria`.`configuracao_quininha` where COD_CONFIGURACAO > 0;
DELETE FROM `betloteria`.`usuario` WHERE COD_USUARIO > 0;
DELETE FROM `betloteria`.`site` WHERE COD_SITE > 0;

/* SITE */
INSERT INTO `betloteria`.`site`(`COD_SITE`,`TXT_EMPRESA`,`TXT_RESPONSAVEL`,`TXT_TELEFONE`) 
VALUES (1,'Banca 1','Responsável 1','81 981878560');
INSERT INTO `betloteria`.`site`(`COD_SITE`,`TXT_EMPRESA`,`TXT_RESPONSAVEL`,`TXT_TELEFONE`) 
VALUES (2,'Banca 2','Responsável 2','81 981878561');
INSERT INTO `betloteria`.`site`(`COD_SITE`,`TXT_EMPRESA`,`TXT_RESPONSAVEL`,`TXT_TELEFONE`) 
VALUES (3,'Banca 3','Responsável 3','81 981878562');
INSERT INTO `betloteria`.`site`(`COD_SITE`,`TXT_EMPRESA`,`TXT_RESPONSAVEL`,`TXT_TELEFONE`) 
VALUES (4,'Banca 4','Responsável 4','81 981878563');
INSERT INTO `betloteria`.`site`(`COD_SITE`,`TXT_EMPRESA`,`TXT_RESPONSAVEL`,`TXT_TELEFONE`) 
VALUES (5,'Banca 5','Responsável 5','81 981878564');

/* USUARIOS SITE 1: */
INSERT INTO `betloteria`.`usuario` (`COD_USUARIO`,`COD_GERENTE`,`COD_SITE`,`LOGIN`,`SENHA`,`PERFIL`,`NOME`,`PCT_COMISSAO`, `STATUS`)
VALUES (1,null,1,'admin',12345,'A','Usuário Admin Site 1',0,'A');
INSERT INTO `betloteria`.`usuario` (`COD_USUARIO`,`COD_GERENTE`,`COD_SITE`,`LOGIN`,`SENHA`,`PERFIL`,`NOME`,`PCT_COMISSAO`, `STATUS`)
VALUES (2,1,1,'gerente1',12345,'G','Gerente 1',20,'A');
INSERT INTO `betloteria`.`usuario` (`COD_USUARIO`,`COD_GERENTE`,`COD_SITE`,`LOGIN`,`SENHA`,`PERFIL`,`NOME`,`PCT_COMISSAO`, `STATUS`)
VALUES (3,1,1,'gerente2',12345,'G','Gerente 2',20,'A');
INSERT INTO `betloteria`.`usuario` (`COD_USUARIO`,`COD_GERENTE`,`COD_SITE`,`LOGIN`,`SENHA`,`PERFIL`,`NOME`,`PCT_COMISSAO`, `STATUS`)
VALUES (4,2,1,'cambista1',12345,'C','Cambista 1',5,'A');
INSERT INTO `betloteria`.`usuario` (`COD_USUARIO`,`COD_GERENTE`,`COD_SITE`,`LOGIN`,`SENHA`,`PERFIL`,`NOME`,`PCT_COMISSAO`, `STATUS`)
VALUES (5,2,1,'cambista2',12345,'C','Cambista 2',5,'A');
INSERT INTO `betloteria`.`usuario` (`COD_USUARIO`,`COD_GERENTE`,`COD_SITE`,`LOGIN`,`SENHA`,`PERFIL`,`NOME`,`PCT_COMISSAO`, `STATUS`)
VALUES (6,3,1,'cambista3',12345,'C','Cambista 3.',5,'A');
INSERT INTO `betloteria`.`usuario` (`COD_USUARIO`,`COD_GERENTE`,`COD_SITE`,`LOGIN`,`SENHA`,`PERFIL`,`NOME`,`PCT_COMISSAO`, `STATUS`)
VALUES (7,3,1,'cambista4',12345,'C','Cambista 4',5,'A');

/* USUARIOS SITE 2,3,4,5: */
INSERT INTO `betloteria`.`usuario` (`COD_USUARIO`,`COD_GERENTE`,`COD_SITE`,`LOGIN`,`SENHA`,`PERFIL`,`NOME`,`PCT_COMISSAO`, `STATUS`)
VALUES (8,null,2,'admin',12345,'A','Usuário Admin Site 2',0,'A');
INSERT INTO `betloteria`.`usuario` (`COD_USUARIO`,`COD_GERENTE`,`COD_SITE`,`LOGIN`,`SENHA`,`PERFIL`,`NOME`,`PCT_COMISSAO`, `STATUS`)
VALUES (9,null,3,'admin',12345,'A','Usuário Admin Site 3',0,'A');
INSERT INTO `betloteria`.`usuario` (`COD_USUARIO`,`COD_GERENTE`,`COD_SITE`,`LOGIN`,`SENHA`,`PERFIL`,`NOME`,`PCT_COMISSAO`, `STATUS`)
VALUES (10,null,4,'admin',12345,'A','Usuário Admin Site 4',0,'A');
INSERT INTO `betloteria`.`usuario` (`COD_USUARIO`,`COD_GERENTE`,`COD_SITE`,`LOGIN`,`SENHA`,`PERFIL`,`NOME`,`PCT_COMISSAO`, `STATUS`)
VALUES (11,null,5,'admin',12345,'A','Usuário Admin Site 5',0,'A');


/* CONFIGURACAO SENINHA*/
INSERT INTO `betloteria`.`configuracao`(`COD_CONFIGURACAO`,`COD_SITE`,`PREMIO_MAXIMO`,`PREMIO_14`,`PREMIO_15`,`PREMIO_16`,`PREMIO_17`,`PREMIO_18`,`PREMIO_19`,`PREMIO_20`,`PREMIO_25`,`PREMIO_30`,`PREMIO_35`,`PREMIO_40`)
VALUES (1, 1, 30000, 6000, 4000, 2600, 1800, 1300, 900, 650, 150, 48, 18, 8);
INSERT INTO `betloteria`.`configuracao`(`COD_CONFIGURACAO`,`COD_SITE`,`PREMIO_MAXIMO`,`PREMIO_14`,`PREMIO_15`,`PREMIO_16`,`PREMIO_17`,`PREMIO_18`,`PREMIO_19`,`PREMIO_20`,`PREMIO_25`,`PREMIO_30`,`PREMIO_35`,`PREMIO_40`)
VALUES (2, 2, 30000, 6000, 4000, 2600, 1800, 1300, 900, 650, 150, 48, 18, 8);
INSERT INTO `betloteria`.`configuracao`(`COD_CONFIGURACAO`,`COD_SITE`,`PREMIO_MAXIMO`,`PREMIO_14`,`PREMIO_15`,`PREMIO_16`,`PREMIO_17`,`PREMIO_18`,`PREMIO_19`,`PREMIO_20`,`PREMIO_25`,`PREMIO_30`,`PREMIO_35`,`PREMIO_40`)
VALUES (3, 3, 30000, 6000, 4000, 2600, 1800, 1300, 900, 650, 150, 48, 18, 8);
INSERT INTO `betloteria`.`configuracao`(`COD_CONFIGURACAO`,`COD_SITE`,`PREMIO_MAXIMO`,`PREMIO_14`,`PREMIO_15`,`PREMIO_16`,`PREMIO_17`,`PREMIO_18`,`PREMIO_19`,`PREMIO_20`,`PREMIO_25`,`PREMIO_30`,`PREMIO_35`,`PREMIO_40`)
VALUES (4, 4, 30000, 6000, 4000, 2600, 1800, 1300, 900, 650, 150, 48, 18, 8);
INSERT INTO `betloteria`.`configuracao`(`COD_CONFIGURACAO`,`COD_SITE`,`PREMIO_MAXIMO`,`PREMIO_14`,`PREMIO_15`,`PREMIO_16`,`PREMIO_17`,`PREMIO_18`,`PREMIO_19`,`PREMIO_20`,`PREMIO_25`,`PREMIO_30`,`PREMIO_35`,`PREMIO_40`)
VALUES (5, 5, 30000, 6000, 4000, 2600, 1800, 1300, 900, 650, 150, 48, 18, 8);

/* CONFIGURACAO QUININHA*/
INSERT INTO `betloteria`.`configuracao_quininha`(`COD_CONFIGURACAO`,`COD_SITE`,`PREMIO_MAXIMO`,`PREMIO_13`, `PREMIO_14`,`PREMIO_15`,`PREMIO_16`,`PREMIO_17`,`PREMIO_18`,`PREMIO_19`,`PREMIO_20`,`PREMIO_25`,`PREMIO_30`,`PREMIO_35`,`PREMIO_40`, `PREMIO_45`)
VALUES (1, 1, 30000, 6000, 4000, 3000, 2300, 1700, 1250, 900, 700, 200, 80, 30, 12, 6);
INSERT INTO `betloteria`.`configuracao_quininha`(`COD_CONFIGURACAO`,`COD_SITE`,`PREMIO_MAXIMO`,`PREMIO_13`, `PREMIO_14`,`PREMIO_15`,`PREMIO_16`,`PREMIO_17`,`PREMIO_18`,`PREMIO_19`,`PREMIO_20`,`PREMIO_25`,`PREMIO_30`,`PREMIO_35`,`PREMIO_40`, `PREMIO_45`)
VALUES (2, 2, 30000, 6000, 4000, 3000, 2300, 1700, 1250, 900, 700, 200, 80, 30, 12, 6);
INSERT INTO`betloteria`.`configuracao_quininha`(`COD_CONFIGURACAO`,`COD_SITE`,`PREMIO_MAXIMO`,`PREMIO_13`, `PREMIO_14`,`PREMIO_15`,`PREMIO_16`,`PREMIO_17`,`PREMIO_18`,`PREMIO_19`,`PREMIO_20`,`PREMIO_25`,`PREMIO_30`,`PREMIO_35`,`PREMIO_40`, `PREMIO_45`)
VALUES (3, 3, 30000, 6000, 4000, 3000, 2300, 1700, 1250, 900, 700, 200, 80, 30, 12, 6);
INSERT INTO `betloteria`.`configuracao_quininha`(`COD_CONFIGURACAO`,`COD_SITE`,`PREMIO_MAXIMO`,`PREMIO_13`, `PREMIO_14`,`PREMIO_15`,`PREMIO_16`,`PREMIO_17`,`PREMIO_18`,`PREMIO_19`,`PREMIO_20`,`PREMIO_25`,`PREMIO_30`,`PREMIO_35`,`PREMIO_40`, `PREMIO_45`)
VALUES (4, 4, 30000, 6000, 4000, 3000, 2300, 1700, 1250, 900, 700, 200, 80, 30, 12, 6);
INSERT INTO `betloteria`.`configuracao_quininha`(`COD_CONFIGURACAO`,`COD_SITE`,`PREMIO_MAXIMO`,`PREMIO_13`, `PREMIO_14`,`PREMIO_15`,`PREMIO_16`,`PREMIO_17`,`PREMIO_18`,`PREMIO_19`,`PREMIO_20`,`PREMIO_25`,`PREMIO_30`,`PREMIO_35`,`PREMIO_40`, `PREMIO_45`)
VALUES (5, 5, 30000, 6000, 4000, 3000, 2300, 1700, 1250, 900, 700, 200, 80, 30, 12, 6);

/* JOGO 
INSERT INTO `betloteria`.`jogo`(`COD_JOGO`,`COD_SITE`,`COD_USUARIO`,`DATA_JOGO`,`TP_STATUS`,`TIPO_JOGO`,`NUMERO_1`,`NUMERO_2`,`NUMERO_3`,`NUMERO_4`,`NUMERO_5`,`NUMERO_6`,`CONCURSO`)
VALUES (1, 1, 2, '2018-07-11', 'B', 'S', 4, 19, 23, 29, 56, 59, 2058);

INSERT INTO `betloteria`.`jogo`(`COD_JOGO`,`COD_SITE`,`COD_USUARIO`,`DATA_JOGO`,`TP_STATUS`,`TIPO_JOGO`,`NUMERO_1`,`NUMERO_2`,`NUMERO_3`,`NUMERO_4`,`NUMERO_5`,`NUMERO_6`,`CONCURSO`)
VALUES (2, 1, 2, '2018-07-14', 'L', 'S', NULL, NULL, NULL, NULL, NULL, NULL, 2059);

INSERT INTO `betloteria`.`jogo`(`COD_JOGO`,`COD_SITE`,`COD_USUARIO`,`DATA_JOGO`,`TP_STATUS`,`TIPO_JOGO`,`NUMERO_1`,`NUMERO_2`,`NUMERO_3`,`NUMERO_4`,`NUMERO_5`,`NUMERO_6`,`CONCURSO`)
VALUES (3, 2, 2, '2018-07-11', 'B', 'S', 4, 19, 23, 29, 56, 59, 2058);

INSERT INTO `betloteria`.`jogo`(`COD_JOGO`,`COD_SITE`,`COD_USUARIO`,`DATA_JOGO`,`TP_STATUS`,`TIPO_JOGO`,`NUMERO_1`,`NUMERO_2`,`NUMERO_3`,`NUMERO_4`,`NUMERO_5`,`NUMERO_6`,`CONCURSO`)
VALUES (4, 2, 2, '2018-07-14', 'L', 'S', NULL, NULL, NULL, NULL, NULL, NULL, 2059);

/* BILHETE 
INSERT INTO `betloteria`.`bilhete` (`COD_BILHETE`, `COD_SITE`,`COD_USUARIO`,`NOME_APOSTADOR`,`TELEFONE_APOSTADOR`,`DATA_BILHETE`,`TXT_PULE`)
VALUES (1, 1, 3, 'Ruy', '(84) 98811-9016', now(), '38B41-7E947');

INSERT INTO `betloteria`.`bilhete` (`COD_BILHETE`, `COD_SITE`,`COD_USUARIO`,`NOME_APOSTADOR`,`TELEFONE_APOSTADOR`,`DATA_BILHETE`,`TXT_PULE`)
VALUES (2, 2, 6, 'Cadu', '(84) 99922-9213', now(), '38B41-7E948');

/* APOSTA 
INSERT INTO `betloteria`.`aposta` (`COD_APOSTA`,`COD_SITE`,`COD_JOGO`,`COD_BILHETE`,`QTD_NUMEROS`,`TXT_APOSTA`,`VALOR_APOSTA`)
VALUES (1, 1, 2, 1, 14, '1-2-3-4-5-6-7-8-9-10-11-12-13-14', '1');

INSERT INTO `betloteria`.`aposta` (`COD_APOSTA`,`COD_SITE`,`COD_JOGO`,`COD_BILHETE`,`QTD_NUMEROS`,`TXT_APOSTA`,`VALOR_APOSTA`)
VALUES (2, 1, 2, 1, 15, '1-2-3-4-5-6-7-8-9-10-11-12-13-14-15', '2');

INSERT INTO `betloteria`.`aposta` (`COD_APOSTA`,`COD_SITE`,`COD_JOGO`,`COD_BILHETE`,`QTD_NUMEROS`,`TXT_APOSTA`,`VALOR_APOSTA`)
VALUES (3, 2, 4, 2, 16, '1-2-3-4-5-6-7-8-9-10-11-12-13-14-15-16', '1');

INSERT INTO `betloteria`.`aposta` (`COD_APOSTA`,`COD_SITE`,`COD_JOGO`,`COD_BILHETE`,`QTD_NUMEROS`,`TXT_APOSTA`,`VALOR_APOSTA`)
VALUES (4, 2, 4, 2, 17, '1-2-3-4-5-6-7-8-9-10-11-12-13-14-15-16-17', '2');
*/






