DELETE FROM `betloteria`.`aposta` WHERE COD_APOSTA > 0;
DELETE FROM `betloteria`.`bilhete` WHERE COD_BILHETE > 0;
DELETE FROM `betloteria`.`jogo` WHERE COD_JOGO > 0;
DELETE FROM `betloteria`.`configuracao` where COD_CONFIGURACAO > 0;
DELETE FROM `betloteria`.`usuario` WHERE COD_USUARIO > 0;
DELETE FROM `betloteria`.`site` WHERE COD_SITE > 0;

/* SITE */
INSERT INTO `betloteria`.`site`(`COD_SITE`,`TXT_EMPRESA`,`TXT_RESPONSAVEL`,`TXT_TELEFONE`) 
VALUES (1,'banca de Zé','Zé','81 981878563');

INSERT INTO `betloteria`.`site`(`COD_SITE`,`TXT_EMPRESA`,`TXT_RESPONSAVEL`,`TXT_TELEFONE`) 
VALUES (2,'banca de Mané','Mané','81 981878562');

/* USUARIO */
INSERT INTO `betloteria`.`usuario` (`COD_USUARIO`,`COD_GERENTE`,`COD_SITE`,`LOGIN`,`SENHA`,`PERFIL`,`NOME`,`PCT_COMISSAO`, `STATUS`)
VALUES (1,null,1,'manguinho',12345,'A','Rodrigo Manguinho',0,'A');

INSERT INTO `betloteria`.`usuario` (`COD_USUARIO`,`COD_GERENTE`,`COD_SITE`,`LOGIN`,`SENHA`,`PERFIL`,`NOME`,`PCT_COMISSAO`, `STATUS`)
VALUES (2,1,1,'will',12345,'G','Willian Soares',10,'A');

INSERT INTO `betloteria`.`usuario` (`COD_USUARIO`,`COD_GERENTE`,`COD_SITE`,`LOGIN`,`SENHA`,`PERFIL`,`NOME`,`PCT_COMISSAO`, `STATUS`)
VALUES (3,2,1,'danylo',12345,'C','Danylo Campos',5,'A');

INSERT INTO `betloteria`.`usuario` (`COD_USUARIO`,`COD_GERENTE`,`COD_SITE`,`LOGIN`,`SENHA`,`PERFIL`,`NOME`,`PCT_COMISSAO`, `STATUS`)
VALUES (4,null,2,'manguinho',12345,'A','Rodrigo Manguinho',0,'A');

INSERT INTO `betloteria`.`usuario` (`COD_USUARIO`,`COD_GERENTE`,`COD_SITE`,`LOGIN`,`SENHA`,`PERFIL`,`NOME`,`PCT_COMISSAO`, `STATUS`)
VALUES (5,1,2,'will',12345,'G','Willian Soares',10,'A');

INSERT INTO `betloteria`.`usuario` (`COD_USUARIO`,`COD_GERENTE`,`COD_SITE`,`LOGIN`,`SENHA`,`PERFIL`,`NOME`,`PCT_COMISSAO`, `STATUS`)
VALUES (6,2,2,'danylo',12345,'C','Danylo Campos',5,'A');

/* CONFIGURACAO */
INSERT INTO `betloteria`.`configuracao`(`COD_CONFIGURACAO`,`COD_SITE`,`PREMIO_MAXIMO`,`PREMIO_14`,`PREMIO_15`,`PREMIO_16`,`PREMIO_17`,`PREMIO_18`,`PREMIO_19`,`PREMIO_20`,`PREMIO_25`,`PREMIO_30`,`PREMIO_35`,`PREMIO_40`)
VALUES (1, 1, 30000, 6000, 4000, 2600, 1800, 1300, 900, 650, 150, 48, 18, 8);

INSERT INTO `betloteria`.`configuracao`(`COD_CONFIGURACAO`,`COD_SITE`,`PREMIO_MAXIMO`,`PREMIO_14`,`PREMIO_15`,`PREMIO_16`,`PREMIO_17`,`PREMIO_18`,`PREMIO_19`,`PREMIO_20`,`PREMIO_25`,`PREMIO_30`,`PREMIO_35`,`PREMIO_40`)
VALUES (2, 2, 30000, 6000, 4000, 2600, 1800, 1300, 900, 650, 150, 48, 18, 8);

/* CONFIGURACAO_QUININHA */
INSERT INTO `betloteria`.`configuracao_quininha`(`COD_CONFIGURACAO`,`COD_SITE`,`PREMIO_MAXIMO`,`PREMIO_13`,`PREMIO_14`,`PREMIO_15`,`PREMIO_16`,`PREMIO_17`,`PREMIO_18`,`PREMIO_19`,`PREMIO_20`,`PREMIO_25`,`PREMIO_30`,`PREMIO_35`,`PREMIO_40`, `PREMIO_45`)
VALUES (1, 1, 30000, 6500, 6000, 4000, 2600, 1800, 1300, 900, 650, 150, 48, 18, 8, 4);

INSERT INTO `betloteria`.`configuracao_quininha`(`COD_CONFIGURACAO`,`COD_SITE`,`PREMIO_MAXIMO`,`PREMIO_13`,`PREMIO_14`,`PREMIO_15`,`PREMIO_16`,`PREMIO_17`,`PREMIO_18`,`PREMIO_19`,`PREMIO_20`,`PREMIO_25`,`PREMIO_30`,`PREMIO_35`,`PREMIO_40`, `PREMIO_45`)
VALUES (2, 2, 30000, 6500, 6000, 4000, 2600, 1800, 1300, 900, 650, 150, 48, 18, 8, 4);

/* JOGO */
INSERT INTO `betloteria`.`jogo`(`COD_JOGO`,`COD_SITE`,`COD_USUARIO`,`DATA_JOGO`,`TP_STATUS`,`TIPO_JOGO`,`NUMERO_1`,`NUMERO_2`,`NUMERO_3`,`NUMERO_4`,`NUMERO_5`,`NUMERO_6`,`CONCURSO`)
VALUES (1, 1, 2, '2018-07-11', 'B', 'S', 4, 19, 23, 29, 56, 59, 2058);

INSERT INTO `betloteria`.`jogo`(`COD_JOGO`,`COD_SITE`,`COD_USUARIO`,`DATA_JOGO`,`TP_STATUS`,`TIPO_JOGO`,`NUMERO_1`,`NUMERO_2`,`NUMERO_3`,`NUMERO_4`,`NUMERO_5`,`NUMERO_6`,`CONCURSO`)
VALUES (2, 1, 2, '2018-07-14', 'L', 'S', NULL, NULL, NULL, NULL, NULL, NULL, 2059);

INSERT INTO `betloteria`.`jogo`(`COD_JOGO`,`COD_SITE`,`COD_USUARIO`,`DATA_JOGO`,`TP_STATUS`,`TIPO_JOGO`,`NUMERO_1`,`NUMERO_2`,`NUMERO_3`,`NUMERO_4`,`NUMERO_5`,`NUMERO_6`,`CONCURSO`)
VALUES (3, 2, 2, '2018-07-11', 'B', 'S', 4, 19, 23, 29, 56, 59, 2058);

INSERT INTO `betloteria`.`jogo`(`COD_JOGO`,`COD_SITE`,`COD_USUARIO`,`DATA_JOGO`,`TP_STATUS`,`TIPO_JOGO`,`NUMERO_1`,`NUMERO_2`,`NUMERO_3`,`NUMERO_4`,`NUMERO_5`,`NUMERO_6`,`CONCURSO`)
VALUES (4, 2, 2, '2018-07-14', 'L', 'S', NULL, NULL, NULL, NULL, NULL, NULL, 2059);

/* BILHETE */
INSERT INTO `betloteria`.`bilhete` (`COD_BILHETE`, `COD_SITE`,`COD_USUARIO`,`NOME_APOSTADOR`,`TELEFONE_APOSTADOR`,`DATA_BILHETE`,`TXT_PULE`)
VALUES (1, 1, 3, 'Ruy', '(84) 98811-9016', now(), '38B41-7E947');

INSERT INTO `betloteria`.`bilhete` (`COD_BILHETE`, `COD_SITE`,`COD_USUARIO`,`NOME_APOSTADOR`,`TELEFONE_APOSTADOR`,`DATA_BILHETE`,`TXT_PULE`)
VALUES (2, 2, 6, 'Cadu', '(84) 99922-9213', now(), '38B41-7E948');

/* APOSTA */
INSERT INTO `betloteria`.`aposta` (`COD_APOSTA`,`COD_SITE`,`COD_JOGO`,`COD_BILHETE`,`QTD_NUMEROS`,`TXT_APOSTA`,`VALOR_APOSTA`)
VALUES (1, 1, 2, 1, 14, '1-2-3-4-5-6-7-8-9-10-11-12-13-14', '1');

INSERT INTO `betloteria`.`aposta` (`COD_APOSTA`,`COD_SITE`,`COD_JOGO`,`COD_BILHETE`,`QTD_NUMEROS`,`TXT_APOSTA`,`VALOR_APOSTA`)
VALUES (2, 1, 2, 1, 15, '1-2-3-4-5-6-7-8-9-10-11-12-13-14-15', '2');

INSERT INTO `betloteria`.`aposta` (`COD_APOSTA`,`COD_SITE`,`COD_JOGO`,`COD_BILHETE`,`QTD_NUMEROS`,`TXT_APOSTA`,`VALOR_APOSTA`)
VALUES (3, 2, 4, 2, 16, '1-2-3-4-5-6-7-8-9-10-11-12-13-14-15-16', '1');

INSERT INTO `betloteria`.`aposta` (`COD_APOSTA`,`COD_SITE`,`COD_JOGO`,`COD_BILHETE`,`QTD_NUMEROS`,`TXT_APOSTA`,`VALOR_APOSTA`)
VALUES (4, 2, 4, 2, 17, '1-2-3-4-5-6-7-8-9-10-11-12-13-14-15-16-17', '2');








